Process,Taxon,Covariate,Mean,SD,5%,50%,95%,Rhat,ESS
Occupancy,other_flies,Intercept,4.1031,0.827,2.9471,4.0063,5.589,1.0066,829
Occupancy,central_stoneroller_minnow,Intercept,-0.691,2.5102,-4.5264,-0.8637,3.7034,1.009,171
Occupancy,johnny_darter,Intercept,-0.6504,2.3436,-4.3072,-0.7717,3.1633,1.0851,178
Occupancy,mtdusky,Intercept,-0.6579,1.0234,-2.0201,-0.808,1.1698,1.0091,629
Occupancy,nodusky,Intercept,0.5284,1.0638,-0.8182,0.3398,2.5765,1.0074,612
Occupancy,twolined,Intercept,1.4062,0.4182,0.7739,1.3856,2.1256,0.9992,1500
Occupancy,red,Intercept,-0.1128,2.1583,-3.1106,-0.4436,3.9503,1.0283,187
Occupancy,redback,Intercept,2.5642,1.5089,0.6339,2.2991,5.4493,1.0382,464
Occupancy,slimy,Intercept,0.1678,2.3499,-3.467,0.1339,4.1004,1.119,214
Occupancy,blacknose_dace,Intercept,0.0096,1.997,-3.1115,-0.0376,3.3517,1.0519,262
Occupancy,creek_chub,Intercept,1.7217,1.7175,-0.8567,1.6299,4.6102,1.009,335
Occupancy,rainbow_darter,Intercept,-0.1799,2.4582,-3.9253,-0.2936,3.9717,1.0187,216
Occupancy,rainbow_trout,Intercept,-0.4341,2.5319,-4.4045,-0.4544,3.7634,1.0937,130
Occupancy,white_sucker,Intercept,-0.7777,2.3721,-4.2167,-1.0833,3.3728,1.0099,209
Occupancy,aquatic_worms,Intercept,2.2671,0.6934,1.3264,2.1932,3.4958,1.0015,1313
Occupancy,sow_bugs,Intercept,0.3448,1.1939,-1.1821,0.1376,2.6009,1.0045,489
Occupancy,scuds,Intercept,2.2493,1.5176,0.0946,2.0681,5.0037,1.019,444
Occupancy,water_mites,Intercept,0.1676,1.0236,-1.0536,-0.0002,2.0486,1.007,386
Occupancy,damselfly_nymphs,Intercept,0.942,1.0161,-0.4167,0.8093,2.8162,1.0477,780
Occupancy,alderfly_larvae,Intercept,-0.3476,1.0101,-1.5326,-0.5169,1.403,1.0106,633
Occupancy,other_beetles,Intercept,1.9045,1.1994,0.3743,1.6822,4.1017,1.0097,692
Occupancy,crayfish,Intercept,3.1363,1.3548,1.308,2.928,5.5588,1.0166,736
Occupancy,dragonfly_nymphs,Intercept,2.1844,1.3249,0.4595,1.9612,4.7264,1.0054,587
Occupancy,riffle_beetles,Intercept,0.4611,0.4841,-0.2425,0.3981,1.3574,1.013,1553
Occupancy,midges,Intercept,3.522,0.7983,2.4236,3.4069,5.0055,1.0118,958
Occupancy,snails,Intercept,3.0455,1.421,1.125,2.8384,5.5491,1.0326,556
Occupancy,clams,Intercept,2.1831,1.7426,-0.4045,2.0652,5.1863,1.0103,378
Occupancy,fishfly_larvae,Intercept,2.4204,1.7012,-0.1067,2.3386,5.4852,1.0053,539
Occupancy,water_penny_beetles,Intercept,-0.5887,1.4732,-2.4139,-0.8786,2.2196,1.036,312
Occupancy,cranefly_larvae,Intercept,3.8971,1.0217,2.4444,3.7963,5.7701,1.0273,842
Occupancy,baetidae,Intercept,1.7717,0.5593,0.9829,1.6922,2.8147,1.0071,1383
Occupancy,caenidae,Intercept,1.4184,2.2485,-2.3197,1.4731,5.0462,1.0739,234
Occupancy,heptageniidae,Intercept,1.4988,1.7909,-1.2682,1.4567,4.6063,1.0485,375
Occupancy,leptophlebiidae,Intercept,1.5556,1.559,-0.3397,1.1995,4.5324,1.01,405
Occupancy,chloroperlidae,Intercept,0.0703,2.2001,-3.18,-0.1405,3.9899,1.1265,182
Occupancy,leuctridae,Intercept,0.9985,0.5779,0.2608,0.915,2.1311,1.0021,1276
Occupancy,nemouridae,Intercept,2.4991,1.6879,0.0627,2.3374,5.5543,1.0245,464
Occupancy,perlidae,Intercept,1.8233,1.7532,-0.7222,1.6695,4.8335,1.0569,322
Occupancy,perlodidae,Intercept,0.07,2.2638,-3.3934,-0.0855,4.0148,1.0033,239
Occupancy,glossosomatidae,Intercept,-0.2396,2.3091,-3.8397,-0.3341,3.7247,1.0411,200
Occupancy,hydropsychidae,Intercept,2.7863,1.1326,1.3771,2.5767,4.9805,1.0401,796
Occupancy,hydroptilidae,Intercept,-0.7665,1.9207,-3.2389,-1.1307,2.7269,1.0706,222
Occupancy,lepidostomatidae,Intercept,-1.4402,0.5491,-2.2225,-1.4771,-0.5296,1.004,1236
Occupancy,limnephilidae,Intercept,-1.0409,0.8885,-2.2162,-1.146,0.4343,1.0113,470
Occupancy,molannidae,Intercept,-0.3528,2.5171,-4.4215,-0.4243,3.9286,1.0112,197
Occupancy,odontoceridae,Intercept,-0.6076,2.5869,-4.536,-0.7428,3.8784,1.0404,182
Occupancy,philopotamidae,Intercept,0.3817,0.6801,-0.4739,0.276,1.5463,1.0054,927
Occupancy,phryganeidae,Intercept,-2.1235,2.2986,-5.4232,-2.3977,2.0884,1.1669,190
Occupancy,polycentropodidae,Intercept,1.5889,1.374,-0.3677,1.4133,4.0476,1.014,615
Occupancy,rhyacophilidae,Intercept,-0.3768,1.2326,-1.9584,-0.5791,1.8952,1.0372,576
Occupancy,uenoidae,Intercept,1.113,1.5433,-1.0836,0.9234,3.9205,1.032,459
Occupancy,other_flies,pool_depth_.cm.,0.666,0.7095,-0.3152,0.5869,1.9355,1.0067,1217
Occupancy,central_stoneroller_minnow,pool_depth_.cm.,0.3291,0.8927,-1.0963,0.2883,1.8195,1.0032,1217
Occupancy,johnny_darter,pool_depth_.cm.,0.6595,0.9017,-0.8192,0.6464,2.1958,1.0021,996
Occupancy,mtdusky,pool_depth_.cm.,-0.6431,0.4348,-1.3553,-0.6355,0.0413,1.0071,735
Occupancy,nodusky,pool_depth_.cm.,-1.0264,0.5546,-1.9219,-1.0169,-0.1646,1.0023,1062
Occupancy,twolined,pool_depth_.cm.,-0.5863,0.2734,-1.0611,-0.5746,-0.1606,1.0005,1382
Occupancy,red,pool_depth_.cm.,-0.4794,0.7805,-1.7438,-0.477,0.8359,1.0024,794
Occupancy,redback,pool_depth_.cm.,-0.7482,0.8305,-1.9707,-0.7859,0.739,1.0027,850
Occupancy,slimy,pool_depth_.cm.,-0.5083,0.9243,-2.1654,-0.4975,0.9671,1.01,769
Occupancy,blacknose_dace,pool_depth_.cm.,0.7493,0.8198,-0.5104,0.6895,2.1935,1.0008,1167
Occupancy,creek_chub,pool_depth_.cm.,0.1643,0.8575,-1.1651,0.165,1.5925,1.0096,1191
Occupancy,rainbow_darter,pool_depth_.cm.,0.3812,1.0009,-1.2006,0.3321,2.0926,1.0088,955
Occupancy,rainbow_trout,pool_depth_.cm.,0.5891,0.9333,-0.9269,0.5761,2.0455,1.0127,910
Occupancy,white_sucker,pool_depth_.cm.,1.0235,0.8282,-0.2684,1.0121,2.3991,1.0013,914
Occupancy,aquatic_worms,pool_depth_.cm.,1.169,0.4975,0.3982,1.1447,2.035,1.0095,1325
Occupancy,sow_bugs,pool_depth_.cm.,0.3234,0.6759,-0.6258,0.2482,1.5792,1,1011
Occupancy,scuds,pool_depth_.cm.,0.0982,0.7851,-1.1624,0.0775,1.372,1.0094,1275
Occupancy,water_mites,pool_depth_.cm.,0.2181,0.4949,-0.554,0.2067,0.9991,1.0105,1500
Occupancy,damselfly_nymphs,pool_depth_.cm.,1.1757,0.6582,0.2681,1.084,2.3375,1.0012,1191
Occupancy,alderfly_larvae,pool_depth_.cm.,-0.4949,0.4384,-1.2029,-0.4947,0.1757,1.002,1500
Occupancy,other_beetles,pool_depth_.cm.,-1.0753,0.608,-2.0983,-1.0478,-0.2043,1.0234,1174
Occupancy,crayfish,pool_depth_.cm.,0.1884,0.8234,-1.1661,0.1692,1.5508,1.0013,1293
Occupancy,dragonfly_nymphs,pool_depth_.cm.,-0.1873,0.6349,-1.0334,-0.2624,0.9785,1.0107,1251
Occupancy,riffle_beetles,pool_depth_.cm.,1.6719,0.4773,0.9779,1.6116,2.5024,1.011,1096
Occupancy,midges,pool_depth_.cm.,1.1764,0.6744,0.1576,1.106,2.3926,1.0057,1129
Occupancy,snails,pool_depth_.cm.,0.6331,0.8227,-0.7462,0.6427,1.9423,1.0087,1239
Occupancy,clams,pool_depth_.cm.,0.1783,0.964,-1.4363,0.1779,1.8296,1.0016,1180
Occupancy,fishfly_larvae,pool_depth_.cm.,0.1886,0.7391,-1.0219,0.1626,1.4259,1.0101,1500
Occupancy,water_penny_beetles,pool_depth_.cm.,0.526,0.669,-0.4255,0.4566,1.6678,1.0063,846
Occupancy,cranefly_larvae,pool_depth_.cm.,0.4804,0.8618,-0.7076,0.3657,2.0722,1.0126,1256
Occupancy,baetidae,pool_depth_.cm.,1.1115,0.4454,0.4173,1.0818,1.8506,1.008,1385
Occupancy,caenidae,pool_depth_.cm.,0.0097,0.8077,-1.3185,-0.0087,1.403,1.0069,1182
Occupancy,heptageniidae,pool_depth_.cm.,0.5712,0.8506,-0.7403,0.5117,2.0577,1.0088,1125
Occupancy,leptophlebiidae,pool_depth_.cm.,-0.676,0.6495,-1.6684,-0.7205,0.5555,1.0061,1135
Occupancy,chloroperlidae,pool_depth_.cm.,0.1393,0.9248,-1.3349,0.0829,1.7088,1.0048,1171
Occupancy,leuctridae,pool_depth_.cm.,-0.2875,0.337,-0.8232,-0.2912,0.2804,1.005,1500
Occupancy,nemouridae,pool_depth_.cm.,0.2043,0.8255,-1.0823,0.1861,1.5489,1.0012,1261
Occupancy,perlidae,pool_depth_.cm.,0.4312,0.7973,-0.7903,0.3728,1.8358,1.0154,1055
Occupancy,perlodidae,pool_depth_.cm.,0.7352,0.9546,-0.7779,0.7185,2.3507,1.004,760
Occupancy,glossosomatidae,pool_depth_.cm.,-0.1039,0.9859,-1.6896,-0.1027,1.4867,1,1014
Occupancy,hydropsychidae,pool_depth_.cm.,0.4071,0.798,-0.757,0.3099,1.8991,1.002,1109
Occupancy,hydroptilidae,pool_depth_.cm.,0.0823,0.663,-0.9664,0.0515,1.2399,1.0072,1377
Occupancy,lepidostomatidae,pool_depth_.cm.,-1.1182,0.4446,-1.8875,-1.0944,-0.4453,1.0011,1215
Occupancy,limnephilidae,pool_depth_.cm.,-0.5681,0.4816,-1.3737,-0.5522,0.1816,1.002,1500
Occupancy,molannidae,pool_depth_.cm.,-0.1056,0.9554,-1.515,-0.1276,1.4882,1.0027,1033
Occupancy,odontoceridae,pool_depth_.cm.,-0.3372,0.9139,-1.8389,-0.3225,1.1135,1.007,1337
Occupancy,philopotamidae,pool_depth_.cm.,0.7477,0.4729,0.0462,0.7154,1.5619,1.0046,1386
Occupancy,phryganeidae,pool_depth_.cm.,0.5917,0.8463,-0.709,0.5576,1.9819,1.0095,1337
Occupancy,polycentropodidae,pool_depth_.cm.,0.2332,0.7653,-0.888,0.2019,1.5248,1.0125,1353
Occupancy,rhyacophilidae,pool_depth_.cm.,-0.8294,0.5956,-1.7724,-0.8431,0.1019,1.016,1158
Occupancy,uenoidae,pool_depth_.cm.,0.2066,0.7718,-0.9807,0.158,1.5728,1.0011,1332
Occupancy,other_flies,per_sand,0.4176,0.5271,-0.3631,0.3754,1.3015,1.0036,1500
Occupancy,central_stoneroller_minnow,per_sand,0.2121,0.5906,-0.7268,0.2068,1.2182,1.013,1252
Occupancy,johnny_darter,per_sand,0.3287,0.5887,-0.6113,0.3209,1.3462,1.003,1500
Occupancy,mtdusky,per_sand,0.0599,0.4051,-0.6182,0.0678,0.695,1.0021,1172
Occupancy,nodusky,per_sand,0.3003,0.4442,-0.3721,0.2727,1.0396,1.0036,1500
Occupancy,twolined,per_sand,0.0308,0.2688,-0.3723,0.0162,0.5039,1.0089,1500
Occupancy,red,per_sand,0.6994,0.5638,-0.1595,0.6544,1.729,1.0069,1113
Occupancy,redback,per_sand,0.2941,0.5259,-0.5554,0.2947,1.1787,1.0062,1500
Occupancy,slimy,per_sand,0.0582,0.6197,-0.9529,0.0663,1.0423,1.011,933
Occupancy,blacknose_dace,per_sand,0.1631,0.5733,-0.7855,0.1475,1.1088,1.0009,1500
Occupancy,creek_chub,per_sand,0.494,0.6605,-0.5428,0.4645,1.6186,1.0128,847
Occupancy,rainbow_darter,per_sand,0.2535,0.6335,-0.7858,0.2287,1.319,1.0081,1342
Occupancy,rainbow_trout,per_sand,0.2539,0.6031,-0.6877,0.2615,1.2197,1.0036,1495
Occupancy,white_sucker,per_sand,0.3494,0.5896,-0.5591,0.3383,1.3303,1.0008,1321
Occupancy,aquatic_worms,per_sand,0.0442,0.3855,-0.5012,0.0057,0.7674,1.0051,1500
Occupancy,sow_bugs,per_sand,0.2309,0.4011,-0.4178,0.2179,0.8803,1.0067,1500
Occupancy,scuds,per_sand,-0.079,0.556,-0.9466,-0.1037,0.825,1.0084,1246
Occupancy,water_mites,per_sand,-0.1325,0.4015,-0.8095,-0.1284,0.5058,1.0104,1342
Occupancy,damselfly_nymphs,per_sand,0.1189,0.4456,-0.5514,0.0871,0.8866,1.0095,1500
Occupancy,alderfly_larvae,per_sand,0.5718,0.3588,0.0225,0.5472,1.2224,1.0133,1205
Occupancy,other_beetles,per_sand,0.3086,0.3643,-0.2647,0.2934,0.9212,1.0019,1500
Occupancy,crayfish,per_sand,0.3769,0.5183,-0.4475,0.3649,1.2518,1.0088,1500
Occupancy,dragonfly_nymphs,per_sand,0.8277,0.5516,-0.0244,0.7934,1.7834,1.0094,1126
Occupancy,riffle_beetles,per_sand,-0.2164,0.3267,-0.7586,-0.2134,0.3208,1.006,1500
Occupancy,midges,per_sand,0.136,0.4235,-0.4805,0.0968,0.9058,1.0136,1500
Occupancy,snails,per_sand,0.0149,0.5249,-0.7837,-0.0057,0.9323,1.0011,1500
Occupancy,clams,per_sand,0.0248,0.611,-1.0134,0.0474,0.9936,1.0001,1263
Occupancy,fishfly_larvae,per_sand,0.2707,0.554,-0.6384,0.284,1.1745,1.0021,1500
Occupancy,water_penny_beetles,per_sand,0.1178,0.4872,-0.6613,0.1133,0.9249,1.0078,1405
Occupancy,cranefly_larvae,per_sand,0.464,0.5537,-0.371,0.4352,1.4304,1.0163,1097
Occupancy,baetidae,per_sand,0.0738,0.3799,-0.47,0.0326,0.7582,1.0103,1500
Occupancy,caenidae,per_sand,0.1884,0.5742,-0.7171,0.1726,1.1408,1.0067,1334
Occupancy,heptageniidae,per_sand,0.24,0.6054,-0.7694,0.2218,1.2127,1.0036,1367
Occupancy,leptophlebiidae,per_sand,0.5075,0.4913,-0.2577,0.4841,1.3442,1.0029,1500
Occupancy,chloroperlidae,per_sand,0.1592,0.6164,-0.8153,0.16,1.1817,1.0079,1500
Occupancy,leuctridae,per_sand,0.2225,0.3406,-0.2754,0.2069,0.8022,1.0015,1500
Occupancy,nemouridae,per_sand,0.3614,0.6632,-0.7396,0.3342,1.4468,1.0176,1262
Occupancy,perlidae,per_sand,0.4421,0.436,-0.2028,0.4161,1.2446,1.003,1500
Occupancy,perlodidae,per_sand,0.4066,0.6265,-0.5166,0.3735,1.4462,1.0028,1109
Occupancy,glossosomatidae,per_sand,0.1777,0.5881,-0.7422,0.178,1.1175,1.0258,1222
Occupancy,hydropsychidae,per_sand,0.4019,0.4331,-0.2449,0.3815,1.1613,1.0013,1500
Occupancy,hydroptilidae,per_sand,-0.0443,0.5435,-0.8908,-0.0354,0.8001,1.0012,1370
Occupancy,lepidostomatidae,per_sand,1.2125,0.4382,0.5421,1.1925,1.9655,1.0081,980
Occupancy,limnephilidae,per_sand,1.2436,0.5123,0.4643,1.2005,2.1254,1.0465,938
Occupancy,molannidae,per_sand,0.4782,0.5859,-0.4103,0.4613,1.5348,1.0118,1282
Occupancy,odontoceridae,per_sand,0.4441,0.6283,-0.5105,0.4257,1.4183,1.003,1247
Occupancy,philopotamidae,per_sand,-0.1411,0.4099,-0.8067,-0.15,0.541,1.0048,1267
Occupancy,phryganeidae,per_sand,0.3764,0.609,-0.5845,0.3581,1.3845,1.0079,1449
Occupancy,polycentropodidae,per_sand,0.1464,0.5216,-0.6803,0.1255,1.0633,1.0054,1237
Occupancy,rhyacophilidae,per_sand,0.7887,0.5289,-0.0378,0.7755,1.667,1.0281,1128
Occupancy,uenoidae,per_sand,0.424,0.5112,-0.3905,0.4065,1.2974,1.0021,1500
Occupancy,other_flies,per_cobble,0.2445,0.4744,-0.4571,0.2238,1.0179,1.0065,1500
Occupancy,central_stoneroller_minnow,per_cobble,0.1842,0.5281,-0.6351,0.1656,1.0858,1.0116,1322
Occupancy,johnny_darter,per_cobble,0.1153,0.5296,-0.7376,0.1134,0.9579,1.0155,1279
Occupancy,mtdusky,per_cobble,0.1925,0.4496,-0.4428,0.1433,1.0186,1.0053,908
Occupancy,nodusky,per_cobble,0.1259,0.3992,-0.5028,0.1078,0.8083,1.0209,1365
Occupancy,twolined,per_cobble,0.6583,0.3923,0.1071,0.6095,1.3526,1.0087,1274
Occupancy,red,per_cobble,0.0515,0.4922,-0.7244,0.052,0.855,1.0092,1096
Occupancy,redback,per_cobble,0.0843,0.4236,-0.5508,0.0831,0.7758,1.0158,1544
Occupancy,slimy,per_cobble,-0.0156,0.5035,-0.8401,-0.0034,0.8024,1.0083,1321
Occupancy,blacknose_dace,per_cobble,0.1702,0.535,-0.6335,0.1536,1.1157,1.0094,1281
Occupancy,creek_chub,per_cobble,0.1024,0.5232,-0.7047,0.0823,0.9518,1.0034,1500
Occupancy,rainbow_darter,per_cobble,0.275,0.5527,-0.5354,0.2202,1.2341,1.0026,985
Occupancy,rainbow_trout,per_cobble,0.1642,0.5263,-0.7106,0.1608,1.0201,1.0023,1309
Occupancy,white_sucker,per_cobble,0.0093,0.5256,-0.828,0.0178,0.8572,0.9998,1191
Occupancy,aquatic_worms,per_cobble,0.3955,0.4128,-0.2352,0.3646,1.0897,0.9999,1500
Occupancy,sow_bugs,per_cobble,0.3854,0.4105,-0.1953,0.3425,1.0877,1.0071,1500
Occupancy,scuds,per_cobble,0.1479,0.4862,-0.5964,0.1246,0.979,1.001,1377
Occupancy,water_mites,per_cobble,0.5923,0.4624,-0.0526,0.5484,1.3998,1.0001,1252
Occupancy,damselfly_nymphs,per_cobble,0.1917,0.4006,-0.3519,0.1484,0.888,1.0035,1340
Occupancy,alderfly_larvae,per_cobble,-0.6302,0.4527,-1.3912,-0.6108,0.0868,1.0068,921
Occupancy,other_beetles,per_cobble,-0.1396,0.3876,-0.7291,-0.1575,0.5202,0.9997,1215
Occupancy,crayfish,per_cobble,0.1714,0.4384,-0.5211,0.1681,0.8663,1.0011,1646
Occupancy,dragonfly_nymphs,per_cobble,0.3347,0.4504,-0.3365,0.3144,1.0922,1.0064,1142
Occupancy,riffle_beetles,per_cobble,0.2125,0.2974,-0.2657,0.2033,0.7375,1.008,1500
Occupancy,midges,per_cobble,0.0785,0.4458,-0.5777,0.0561,0.8276,1.0011,1500
Occupancy,snails,per_cobble,0.0514,0.5022,-0.7383,0.0492,0.879,1.0038,1500
Occupancy,clams,per_cobble,-0.1381,0.5512,-1.0403,-0.1187,0.7545,1.0017,1122
Occupancy,fishfly_larvae,per_cobble,0.1652,0.4923,-0.5932,0.1397,0.9567,1.0049,1500
Occupancy,water_penny_beetles,per_cobble,0.4624,0.4104,-0.1745,0.4281,1.1848,1.0013,1066
Occupancy,cranefly_larvae,per_cobble,0.3415,0.5184,-0.4206,0.2996,1.2711,1.0015,1182
Occupancy,baetidae,per_cobble,-0.1427,0.384,-0.7305,-0.16,0.505,1.0088,1500
Occupancy,caenidae,per_cobble,-0.1628,0.5749,-1.1136,-0.1413,0.6879,1.0384,776
Occupancy,heptageniidae,per_cobble,0.0236,0.513,-0.8109,0.017,0.8492,1.0105,1198
Occupancy,leptophlebiidae,per_cobble,0.3114,0.4311,-0.3303,0.2824,1.0141,1.0029,1195
Occupancy,chloroperlidae,per_cobble,0.3415,0.556,-0.5146,0.2951,1.275,1.014,1309
Occupancy,leuctridae,per_cobble,0.2978,0.3549,-0.2523,0.2809,0.9035,1.0268,1500
Occupancy,nemouridae,per_cobble,0.1994,0.4692,-0.5464,0.1839,0.9903,1.0178,1500
Occupancy,perlidae,per_cobble,0.0017,0.4655,-0.7555,0.011,0.7315,1.016,1381
Occupancy,perlodidae,per_cobble,0.0321,0.5329,-0.8611,0.0331,0.9101,1.0039,1033
Occupancy,glossosomatidae,per_cobble,0.2375,0.532,-0.59,0.2049,1.1676,1.0254,1057
Occupancy,hydropsychidae,per_cobble,0.1684,0.3988,-0.4536,0.1598,0.8061,1.0063,1500
Occupancy,hydroptilidae,per_cobble,-0.0392,0.4995,-0.8553,-0.0437,0.7538,1.0208,874
Occupancy,lepidostomatidae,per_cobble,0.0792,0.3023,-0.4157,0.0847,0.5707,1.0173,1153
Occupancy,limnephilidae,per_cobble,-0.2425,0.4182,-0.9426,-0.2225,0.412,1.0022,1295
Occupancy,molannidae,per_cobble,0.0618,0.5207,-0.82,0.0651,0.9482,1.0041,1225
Occupancy,odontoceridae,per_cobble,0.1191,0.5293,-0.7817,0.1235,0.9349,1.0075,1482
Occupancy,philopotamidae,per_cobble,0.3624,0.3373,-0.1552,0.3358,0.9168,1.005,1500
Occupancy,phryganeidae,per_cobble,0.0169,0.529,-0.8237,0.0324,0.8671,1.0054,1192
Occupancy,polycentropodidae,per_cobble,0.3252,0.5307,-0.4992,0.2846,1.2616,1.0074,1275
Occupancy,rhyacophilidae,per_cobble,0.1029,0.4514,-0.6263,0.0892,0.8538,1.0052,1500
Occupancy,uenoidae,per_cobble,-0.0135,0.5368,-0.8496,-0.0242,0.851,1.0167,1063
Occupancy,other_flies,substrate_metric_total,0.7288,0.3476,0.2106,0.7102,1.3212,1.0089,1500
Occupancy,central_stoneroller_minnow,substrate_metric_total,0.6358,0.5053,-0.1409,0.613,1.5093,1.0002,1170
Occupancy,johnny_darter,substrate_metric_total,0.5022,0.5174,-0.3658,0.5006,1.343,1.0041,972
Occupancy,mtdusky,substrate_metric_total,0.9572,0.4134,0.3796,0.9049,1.7023,1.0054,1153
Occupancy,nodusky,substrate_metric_total,0.8095,0.3912,0.1952,0.7811,1.478,1.0164,1369
Occupancy,twolined,substrate_metric_total,0.9201,0.3239,0.4397,0.8931,1.5026,1.0042,1334
Occupancy,red,substrate_metric_total,0.5474,0.4573,-0.1727,0.5322,1.2803,1.0042,1500
Occupancy,redback,substrate_metric_total,0.4211,0.4282,-0.2798,0.4366,1.118,1.0115,1298
Occupancy,slimy,substrate_metric_total,0.448,0.4478,-0.3095,0.45,1.1564,1.001,1500
Occupancy,blacknose_dace,substrate_metric_total,0.622,0.4791,-0.1216,0.6029,1.4226,1.0104,1500
Occupancy,creek_chub,substrate_metric_total,0.4518,0.4863,-0.3356,0.4509,1.2291,1.0016,1263
Occupancy,rainbow_darter,substrate_metric_total,0.5504,0.504,-0.2459,0.5257,1.3811,1.0006,1306
Occupancy,rainbow_trout,substrate_metric_total,0.5281,0.4961,-0.2087,0.5199,1.3348,1.0029,1330
Occupancy,white_sucker,substrate_metric_total,0.3613,0.5057,-0.4873,0.375,1.1563,1.0006,1333
Occupancy,aquatic_worms,substrate_metric_total,0.7438,0.336,0.2464,0.7284,1.3375,1.0188,1500
Occupancy,sow_bugs,substrate_metric_total,0.738,0.4004,0.1544,0.7016,1.4712,1.0035,1500
Occupancy,scuds,substrate_metric_total,0.5544,0.4114,-0.136,0.5507,1.2094,1.0337,1023
Occupancy,water_mites,substrate_metric_total,0.7825,0.3798,0.2193,0.7483,1.4626,1.0022,1290
Occupancy,damselfly_nymphs,substrate_metric_total,0.4898,0.3843,-0.1101,0.4676,1.1501,1.0184,1366
Occupancy,alderfly_larvae,substrate_metric_total,0.546,0.3624,-0.005,0.5389,1.1596,1.0074,1322
Occupancy,other_beetles,substrate_metric_total,0.3405,0.4184,-0.2899,0.3214,1.0406,1.0047,884
Occupancy,crayfish,substrate_metric_total,0.1886,0.5197,-0.6705,0.2032,1.0256,1.0002,1036
Occupancy,dragonfly_nymphs,substrate_metric_total,0.6018,0.4161,-0.0264,0.5803,1.3196,1.0012,1375
Occupancy,riffle_beetles,substrate_metric_total,0.1459,0.2718,-0.3039,0.1501,0.5944,1.0097,1200
Occupancy,midges,substrate_metric_total,0.8785,0.3606,0.3543,0.8415,1.5143,1.0067,1265
Occupancy,snails,substrate_metric_total,0.451,0.3968,-0.1758,0.4577,1.0769,1.008,1384
Occupancy,clams,substrate_metric_total,0.5331,0.4499,-0.193,0.5271,1.2763,1.005,1500
Occupancy,fishfly_larvae,substrate_metric_total,0.4967,0.5233,-0.371,0.5021,1.338,1.005,1136
Occupancy,water_penny_beetles,substrate_metric_total,0.5875,0.4334,-0.0405,0.564,1.3052,1.0123,987
Occupancy,cranefly_larvae,substrate_metric_total,0.7565,0.4802,0.0804,0.7055,1.6165,1.0017,1250
Occupancy,baetidae,substrate_metric_total,0.7012,0.323,0.2327,0.6703,1.2976,1.0003,1367
Occupancy,caenidae,substrate_metric_total,0.421,0.4721,-0.3514,0.4347,1.1666,1.002,1082
Occupancy,heptageniidae,substrate_metric_total,0.429,0.5019,-0.399,0.4408,1.213,1.0053,1387
Occupancy,leptophlebiidae,substrate_metric_total,0.1706,0.5058,-0.639,0.1618,1.0073,1.008,888
Occupancy,chloroperlidae,substrate_metric_total,0.6044,0.4994,-0.2046,0.6135,1.4251,1.0047,1236
Occupancy,leuctridae,substrate_metric_total,0.653,0.3336,0.1829,0.6187,1.2494,1.0124,1500
Occupancy,nemouridae,substrate_metric_total,0.4182,0.5019,-0.4356,0.4354,1.2041,1.0013,808
Occupancy,perlidae,substrate_metric_total,0.1933,0.5788,-0.7815,0.1978,1.111,1.0107,644
Occupancy,perlodidae,substrate_metric_total,0.5177,0.4981,-0.2722,0.5177,1.3345,1.004,1359
Occupancy,glossosomatidae,substrate_metric_total,0.5805,0.502,-0.2237,0.5604,1.4482,1.008,1881
Occupancy,hydropsychidae,substrate_metric_total,0.3265,0.3998,-0.3109,0.3181,0.9714,1.0026,1345
Occupancy,hydroptilidae,substrate_metric_total,0.8055,0.4325,0.1849,0.7688,1.5551,1.0056,1187
Occupancy,lepidostomatidae,substrate_metric_total,0.3052,0.3242,-0.2181,0.2997,0.8398,1.0025,2317
Occupancy,limnephilidae,substrate_metric_total,0.039,0.4108,-0.6639,0.0565,0.6673,1.001,1354
Occupancy,molannidae,substrate_metric_total,0.502,0.5149,-0.3561,0.5144,1.3103,1.001,1203
Occupancy,odontoceridae,substrate_metric_total,0.3843,0.503,-0.4487,0.3752,1.1568,1.0013,1036
Occupancy,philopotamidae,substrate_metric_total,0.8651,0.3927,0.2883,0.8404,1.5518,1.0055,1500
Occupancy,phryganeidae,substrate_metric_total,0.4753,0.4847,-0.3379,0.4874,1.2503,1.0042,1385
Occupancy,polycentropodidae,substrate_metric_total,0.7015,0.4882,-0.0158,0.6555,1.5726,1.0165,1182
Occupancy,rhyacophilidae,substrate_metric_total,0.735,0.4268,0.0877,0.7078,1.4663,1.0253,1500
Occupancy,uenoidae,substrate_metric_total,0.7574,0.4211,0.118,0.7407,1.4927,1.0051,1360
Occupancy,other_flies,pool_metric_total,0.3792,0.2884,-0.0479,0.3555,0.8857,1.0001,1500
Occupancy,central_stoneroller_minnow,pool_metric_total,0.0603,0.3267,-0.466,0.0659,0.5956,1.0019,1289
Occupancy,johnny_darter,pool_metric_total,0.065,0.3073,-0.4573,0.0738,0.5543,1.0011,1500
Occupancy,mtdusky,pool_metric_total,0.0548,0.2412,-0.3234,0.0488,0.4461,1.0004,1500
Occupancy,nodusky,pool_metric_total,0.1109,0.2689,-0.3144,0.1194,0.5549,1.011,1500
Occupancy,twolined,pool_metric_total,0.1859,0.2126,-0.1568,0.1872,0.5493,1.0067,1339
Occupancy,red,pool_metric_total,0.0265,0.3064,-0.4698,0.0362,0.5223,1.0015,1500
Occupancy,redback,pool_metric_total,0.0606,0.3221,-0.4552,0.0539,0.5972,0.9999,1500
Occupancy,slimy,pool_metric_total,0.1473,0.3251,-0.3686,0.1396,0.6631,1.0129,1500
Occupancy,blacknose_dace,pool_metric_total,0.0568,0.3222,-0.4748,0.0487,0.5595,1.0093,1500
Occupancy,creek_chub,pool_metric_total,0.0958,0.3105,-0.4065,0.0898,0.6006,1.0084,1500
Occupancy,rainbow_darter,pool_metric_total,0.0961,0.3209,-0.4348,0.106,0.6077,1.0118,1500
Occupancy,rainbow_trout,pool_metric_total,0.068,0.3295,-0.499,0.0662,0.5934,1.0066,1282
Occupancy,white_sucker,pool_metric_total,0.0432,0.3192,-0.4961,0.0472,0.5698,1,1500
Occupancy,aquatic_worms,pool_metric_total,0.0544,0.2379,-0.3354,0.0568,0.4505,1.0006,1500
Occupancy,sow_bugs,pool_metric_total,0.2273,0.2776,-0.2215,0.2201,0.6854,1.0018,1568
Occupancy,scuds,pool_metric_total,0.1036,0.3081,-0.3807,0.1058,0.6161,1.0085,1500
Occupancy,water_mites,pool_metric_total,0.0925,0.2798,-0.3401,0.0832,0.5481,0.9995,1500
Occupancy,damselfly_nymphs,pool_metric_total,0.2343,0.27,-0.1876,0.2284,0.6932,1.0031,1500
Occupancy,alderfly_larvae,pool_metric_total,0.1118,0.261,-0.3259,0.12,0.5166,1.0023,1500
Occupancy,other_beetles,pool_metric_total,0.0121,0.3329,-0.5286,0.0077,0.5539,1.0032,1500
Occupancy,crayfish,pool_metric_total,0.117,0.3094,-0.3987,0.1168,0.6148,1.0139,1500
Occupancy,dragonfly_nymphs,pool_metric_total,0.0692,0.2654,-0.3614,0.0682,0.508,1.0018,1500
Occupancy,riffle_beetles,pool_metric_total,-0.0308,0.2238,-0.4074,-0.025,0.3276,1.0042,1500
Occupancy,midges,pool_metric_total,0.249,0.2497,-0.148,0.2384,0.6746,1.0017,1500
Occupancy,snails,pool_metric_total,0.0892,0.3058,-0.4027,0.0849,0.5687,1.0032,1307
Occupancy,clams,pool_metric_total,0.0044,0.3339,-0.5206,0.0185,0.52,1.0007,1342
Occupancy,fishfly_larvae,pool_metric_total,0.0296,0.3305,-0.5043,0.0312,0.5591,1.0052,1500
Occupancy,water_penny_beetles,pool_metric_total,-0.0198,0.3172,-0.5249,-0.014,0.4937,1.007,1500
Occupancy,cranefly_larvae,pool_metric_total,0.247,0.2904,-0.1935,0.2378,0.7478,0.9999,1500
Occupancy,baetidae,pool_metric_total,0.16,0.2204,-0.1788,0.1505,0.5323,1.0007,1500
Occupancy,caenidae,pool_metric_total,0.0495,0.3064,-0.4611,0.0533,0.5495,1.0007,1500
Occupancy,heptageniidae,pool_metric_total,0.116,0.3126,-0.3668,0.1127,0.6356,1.0003,1500
Occupancy,leptophlebiidae,pool_metric_total,0.0362,0.298,-0.4294,0.0367,0.5182,1.001,1500
Occupancy,chloroperlidae,pool_metric_total,0.1149,0.3092,-0.3803,0.1035,0.6397,1.0008,1500
Occupancy,leuctridae,pool_metric_total,-0.0588,0.2411,-0.4767,-0.0469,0.3096,1.0029,1500
Occupancy,nemouridae,pool_metric_total,0.0404,0.3225,-0.5048,0.0578,0.5329,1.0008,1140
Occupancy,perlidae,pool_metric_total,0.1656,0.3071,-0.3174,0.1581,0.6513,1.0049,1357
Occupancy,perlodidae,pool_metric_total,0.0582,0.3251,-0.4623,0.0524,0.5896,1.0022,1387
Occupancy,glossosomatidae,pool_metric_total,0.1017,0.3188,-0.4418,0.1103,0.6222,1.0014,1500
Occupancy,hydropsychidae,pool_metric_total,0.131,0.2938,-0.3469,0.1293,0.6093,1.0258,1500
Occupancy,hydroptilidae,pool_metric_total,0.0798,0.2992,-0.3688,0.0823,0.5659,1.0061,1500
Occupancy,lepidostomatidae,pool_metric_total,-0.1165,0.2455,-0.5311,-0.094,0.2545,1.011,1344
Occupancy,limnephilidae,pool_metric_total,0.0581,0.2712,-0.381,0.0653,0.4881,1.0012,1500
Occupancy,molannidae,pool_metric_total,0.0965,0.32,-0.3992,0.0911,0.5977,1.0067,1484
Occupancy,odontoceridae,pool_metric_total,0.0158,0.3254,-0.5417,0.022,0.5075,1.0076,1500
Occupancy,philopotamidae,pool_metric_total,-0.0048,0.2512,-0.4228,0.0045,0.3896,1.004,1500
Occupancy,phryganeidae,pool_metric_total,0.0344,0.3232,-0.5324,0.0371,0.5539,1.0013,1500
Occupancy,polycentropodidae,pool_metric_total,0.1467,0.3153,-0.3618,0.1514,0.6472,1.0121,1333
Occupancy,rhyacophilidae,pool_metric_total,-0.0646,0.3012,-0.5485,-0.0479,0.4063,1.002,1232
Occupancy,uenoidae,pool_metric_total,0.2082,0.3004,-0.2487,0.1912,0.7143,1.0023,1500
